race_id,race_date,venue,race_no,race_name,horse_id,horse_name,jockey_name,gate_no,horse_no,win_prob,top2_prob,top3_prob,ability_score,win_rank,top2_rank,top3_rank,ability_rank,confidence_raw,confidence_label,signal,signal_priority
20260405_HANSHIN_07,2026-04-05,阪神,7,２勝ｸﾗｽ,17103184.0,トゥルブレンシア,団野大成,7,7,0.016,0.1282,0.1663,29.45,14.0,14.0,14.0,14.0,2.89,D,様子見,5
20260405_NAKAYAMA_04,2026-04-05,中山,4,障害未勝利,17106490.0,デスティネ,江田勇亮,13,13,0.073,0.5007,0.6125,41.7,6.0,7.0,6.0,5.0,27.78,D,様子見,5
20260405_NAKAYAMA_10,2026-04-05,中山,10,アリエＨ･3勝,18101243.0,オレデイイノカ,松岡正海,10,10,0.0113,0.1162,0.1421,25.65,15.0,15.0,15.0,15.0,3.87,D,様子見,5
20260405_HANSHIN_12,2026-04-05,阪神,12,天満橋Ｓ･3勝,18101989.0,ジョディーズマロン,横山典弘,10,10,0.0187,0.1502,0.2154,30.21,13.0,14.0,13.0,11.0,7.49,D,様子見,5
20260405_HANSHIN_10,2026-04-05,阪神,10,心斎橋Ｈ･3勝,18103926.0,ショウナンラスボス,田口貫太,12,12,0.0104,0.0335,0.0677,24.12,18.0,18.0,18.0,18.0,0.0,D,様子見,5
20260405_HANSHIN_11,2026-04-05,阪神,11,大阪杯G1,18105012.0,ヨーホーレイク,西村淳也,9,9,0.0243,0.1738,0.232,30.0,10.0,8.0,9.0,11.0,9.96,D,様子見,5
20260405_HANSHIN_10,2026-04-05,阪神,10,心斎橋Ｈ･3勝,18105996.0,サムハンター,富田暁,17,17,0.0107,0.0677,0.0748,24.81,16.0,17.0,17.0,17.0,1.19,D,様子見,5
20260405_HANSHIN_10,2026-04-05,阪神,10,心斎橋Ｈ･3勝,18106663.0,エアミアーニ,西塚洸二,11,11,0.0142,0.1903,0.192,27.98,15.0,14.0,14.0,14.0,7.79,D,様子見,5
20260405_NAKAYAMA_11,2026-04-05,中山,11,美浦Ｓ･3勝,19100768.0,マイネルニコラス,柴田大知,9,9,0.0068,0.056,0.0846,25.76,15.0,16.0,16.0,16.0,0.02,D,様子見,5
20260405_NAKAYAMA_10,2026-04-05,中山,10,アリエＨ･3勝,19101168.0,レッドラパルマ,柴田善臣,3,3,0.0288,0.1815,0.2019,28.97,11.0,12.0,12.0,12.0,10.47,D,様子見,5
20260405_HANSHIN_11,2026-04-05,阪神,11,大阪杯G1,19101422.0,サンストックトン,高杉吏麒,1,1,0.0044,0.0342,0.0589,25.07,15.0,15.0,15.0,15.0,0.0,D,様子見,5
20260405_NAKAYAMA_10,2026-04-05,中山,10,アリエＨ･3勝,19102082.0,トルーマンテソーロ,木幡巧也,15,15,0.0128,0.1478,0.1478,26.25,14.0,14.0,14.0,14.0,5.21,D,様子見,5
20260405_HANSHIN_11,2026-04-05,阪神,11,大阪杯G1,19102632.0,セイウンハーデス,幸英明,3,3,0.032,0.1737,0.1912,30.25,7.0,9.0,10.0,10.0,10.36,D,様子見,5
20260405_HANSHIN_11,2026-04-05,阪神,11,大阪杯G1,19102879.0,マテンロウレオ,横山典弘,2,2,0.0207,0.1525,0.1795,31.21,11.0,11.0,11.0,9.0,7.87,D,様子見,5
20260405_HANSHIN_10,2026-04-05,阪神,10,心斎橋Ｈ･3勝,19103898.0,スーサンアッシャー,城戸義政,10,10,0.0106,0.0738,0.0889,24.84,17.0,16.0,16.0,16.0,1.61,D,様子見,5
20260405_HANSHIN_11,2026-04-05,阪神,11,大阪杯G1,19104878.0,デビットバローズ,岩田望来,11,11,0.0287,0.1721,0.2382,31.33,9.0,10.0,8.0,8.0,10.7,D,様子見,5
20260405_HANSHIN_11,2026-04-05,阪神,11,大阪杯G1,19104909.0,ボルドグフーシュ,松山弘平,10,10,0.0197,0.101,0.101,26.03,12.0,14.0,14.0,14.0,4.87,D,様子見,5
20260405_NAKAYAMA_10,2026-04-05,中山,10,アリエＨ･3勝,19105188.0,クロースコンバット,原優介,4,4,0.0488,0.2683,0.2906,33.85,10.0,10.0,10.0,10.0,18.78,D,様子見,5
20260405_HANSHIN_07,2026-04-05,阪神,7,２勝ｸﾗｽ,19105277.0,リアド,坂井瑠星,4,4,0.0299,0.2184,0.2412,30.42,13.0,13.0,13.0,13.0,10.31,D,様子見,5
20260405_HANSHIN_10,2026-04-05,阪神,10,心斎橋Ｈ･3勝,19107016.0,ウナギノボリ,鮫島克駿,5,5,0.0318,0.2096,0.2336,31.59,13.0,13.0,13.0,13.0,13.11,D,様子見,5
20260405_HANSHIN_07,2026-04-05,阪神,7,２勝ｸﾗｽ,20100604.0,テーオーレガシー,森田誠也,12,12,0.0068,0.1004,0.1594,27.29,15.0,15.0,15.0,15.0,0.0,D,様子見,5
20260405_HANSHIN_12,2026-04-05,阪神,12,天満橋Ｓ･3勝,20100665.0,ジャスパーバローズ,吉村誠之,1,1,0.0084,0.0803,0.0803,23.6,16.0,15.0,16.0,16.0,0.05,D,様子見,5
20260405_NAKAYAMA_11,2026-04-05,中山,11,美浦Ｓ･3勝,20100809.0,アマイ,原優介,15,15,0.0252,0.1447,0.1773,29.73,13.0,13.0,13.0,13.0,8.56,D,様子見,5
20260405_NAKAYAMA_10,2026-04-05,中山,10,アリエＨ･3勝,20101020.0,ペイシャモノノフ,佐々木大,13,13,0.0604,0.4268,0.4268,38.12,7.0,7.0,8.0,7.0,28.42,D,様子見,5
20260405_HANSHIN_08,2026-04-05,阪神,8,２勝ｸﾗｽ,20101031.0,アスクエピソード,国分優作,8,8,0.0181,0.1438,0.2035,32.51,9.0,8.0,8.0,8.0,5.32,D,様子見,5
20260405_HANSHIN_08,2026-04-05,阪神,8,２勝ｸﾗｽ,20101261.0,コスモスプモーニ,斎藤新,11,11,0.0083,0.0803,0.1108,28.33,11.0,11.0,11.0,11.0,0.0,D,様子見,5
20260405_HANSHIN_12,2026-04-05,阪神,12,天満橋Ｓ･3勝,20101808.0,ハワイアンタイム,太宰啓介,8,8,0.0276,0.179,0.2401,29.09,12.0,12.0,11.0,14.0,10.93,D,様子見,5
20260405_NAKAYAMA_10,2026-04-05,中山,10,アリエＨ･3勝,20101941.0,バリアントバイオ,小沢大仁,5,5,0.0067,0.0623,0.0724,24.1,16.0,16.0,16.0,16.0,0.0,D,様子見,5
20260405_HANSHIN_11,2026-04-05,阪神,11,大阪杯G1,20102078.0,レーベンスティール,ルメール,12,12,0.1078,0.5126,0.5661,44.02,5.0,5.0,5.0,5.0,37.82,D,様子見,5
20260405_HANSHIN_12,2026-04-05,阪神,12,天満橋Ｓ･3勝,20102468.0,トーセンサウダージ,古川吉洋,6,6,0.0133,0.0788,0.1152,25.61,14.0,16.0,15.0,15.0,1.84,D,様子見,5
20260405_NAKAYAMA_10,2026-04-05,中山,10,アリエＨ･3勝,20102861.0,ラテラルシンキング,石川裕紀,2,2,0.024,0.1966,0.2009,27.78,12.0,11.0,13.0,13.0,9.92,D,様子見,5
20260405_NAKAYAMA_11,2026-04-05,中山,11,美浦Ｓ･3勝,20103168.0,トーアライデン,丸山元気,13,13,0.0265,0.2223,0.2708,30.16,12.0,12.0,12.0,12.0,12.97,D,様子見,5
20260405_NAKAYAMA_04,2026-04-05,中山,4,障害未勝利,20103193.0,シャンデルナゴル,中村将之,12,12,0.22,0.9551,0.9568,86.2,1.0,2.0,2.0,1.0,99.23,S,軸,1
20260405_HANSHIN_10,2026-04-05,阪神,10,心斎橋Ｈ･3勝,20103280.0,エマヌエーレ,幸英明,8,8,0.0662,0.4221,0.5211,40.81,6.0,6.0,4.0,4.0,32.58,D,様子見,5
20260405_NAKAYAMA_04,2026-04-05,中山,4,障害未勝利,20103295.0,エクロジャイト,小牧加矢,11,11,0.1084,0.6056,0.7056,46.73,4.0,5.0,4.0,3.0,39.62,D,能力注,4
20260405_HANSHIN_10,2026-04-05,阪神,10,心斎橋Ｈ･3勝,20103407.0,スリリングチェイス,亀田温心,4,4,0.0512,0.3132,0.3132,32.46,12.0,12.0,12.0,11.0,21.97,D,様子見,5
20260405_NAKAYAMA_04,2026-04-05,中山,4,障害未勝利,20103575.0,シュバルツガイスト,伴啓太,1,1,0.0258,0.3077,0.3077,33.55,11.0,12.0,12.0,9.0,11.57,D,様子見,5
20260405_NAKAYAMA_11,2026-04-05,中山,11,美浦Ｓ･3勝,20103693.0,フレーヴァード,横山和生,7,7,0.0907,0.5787,0.5837,45.08,4.0,4.0,5.0,5.0,43.84,C,様子見,5
20260405_NAKAYAMA_11,2026-04-05,中山,11,美浦Ｓ･3勝,20103928.0,ホウオウスーペリア,横山琉人,12,12,0.0465,0.3736,0.3871,36.46,11.0,11.0,11.0,9.0,24.13,D,様子見,5
20260405_NAKAYAMA_12,2026-04-05,中山,12,２勝ｸﾗｽ,20104285.0,ラーテル,原田和真,7,7,0.0047,0.0654,0.091,27.13,12.0,11.0,11.0,12.0,0.77,D,様子見,5
20260405_NAKAYAMA_11,2026-04-05,中山,11,美浦Ｓ･3勝,20104297.0,ルクスビッグスター,石橋脩,2,2,0.0067,0.1046,0.1439,26.57,16.0,15.0,15.0,15.0,2.6,D,様子見,5
20260405_HANSHIN_12,2026-04-05,阪神,12,天満橋Ｓ･3勝,20104332.0,ルミノメテオール,岩田康誠,3,3,0.0118,0.1544,0.192,29.16,15.0,13.0,14.0,13.0,5.59,D,様子見,5
20260405_NAKAYAMA_08,2026-04-05,中山,8,１勝ｸﾗｽ,20104437.0,ジャーニーメモリー,菊沢一樹,14,14,0.012,0.068,0.1413,25.21,12.0,14.0,13.0,16.0,2.72,D,様子見,5
20260405_HANSHIN_12,2026-04-05,阪神,12,天満橋Ｓ･3勝,20104893.0,セミマル,西村淳也,12,12,0.0862,0.5364,0.5805,44.23,6.0,6.0,5.0,5.0,42.94,C,様子見,5
20260405_HANSHIN_10,2026-04-05,阪神,10,心斎橋Ｈ･3勝,20105354.0,サクセスアイ,池添謙一,7,7,0.0723,0.4134,0.422,37.07,4.0,8.0,8.0,8.0,31.73,D,様子見,5
20260405_NAKAYAMA_04,2026-04-05,中山,4,障害未勝利,20105365.0,ドーバーホーク,上野翔,9,9,0.144,0.6997,0.7272,52.7,2.0,3.0,3.0,2.0,55.24,B,様子見,5
20260405_HANSHIN_12,2026-04-05,阪神,12,天満橋Ｓ･3勝,20105539.0,タガノシャーンス,幸英明,7,7,0.0513,0.2815,0.2815,31.61,9.0,9.0,10.0,10.0,20.48,D,様子見,5
20260405_NAKAYAMA_12,2026-04-05,中山,12,２勝ｸﾗｽ,20105809.0,マイネルフォルツァ,石川裕紀,9,9,0.047,0.2962,0.3186,35.54,7.0,7.0,7.0,7.0,17.49,D,様子見,5
20260405_HANSHIN_08,2026-04-05,阪神,8,２勝ｸﾗｽ,20106413.0,レッドバレンティア,岩田康誠,6,6,0.0085,0.1117,0.15,29.16,10.0,10.0,10.0,10.0,1.76,D,様子見,5
20260405_NAKAYAMA_12,2026-04-05,中山,12,２勝ｸﾗｽ,20106415.0,ロゼル,横山琉人,8,8,0.0374,0.1858,0.2673,35.53,9.0,8.0,8.0,8.0,12.09,D,様子見,5
20260405_NAKAYAMA_04,2026-04-05,中山,4,障害未勝利,20106585.0,ヴォンヌヴォー,五十嵐雄,3,3,0.0788,0.5412,0.5412,39.02,5.0,6.0,7.0,6.0,28.33,D,様子見,5
20260405_NAKAYAMA_08,2026-04-05,中山,8,１勝ｸﾗｽ,20106771.0,トモジャシーマ,津村明秀,6,6,0.1344,0.7115,0.7369,56.74,2.0,3.0,3.0,3.0,73.57,A,様子見,5
20260405_NAKAYAMA_11,2026-04-05,中山,11,美浦Ｓ･3勝,20106811.0,タイキラフター,大野拓弥,10,10,0.0669,0.4151,0.4327,38.74,8.0,8.0,8.0,8.0,30.77,D,様子見,5
20260405_NAKAYAMA_10,2026-04-05,中山,10,アリエＨ･3勝,20106919.0,メイショウフジ,大野拓弥,9,9,0.0228,0.18,0.2158,28.99,13.0,13.0,11.0,11.0,9.49,D,様子見,5
20260405_NAKAYAMA_12,2026-04-05,中山,12,２勝ｸﾗｽ,20106963.0,アンタノバラード,黛弘人,6,6,0.0096,0.0763,0.1426,29.24,10.0,10.0,10.0,10.0,2.75,D,様子見,5
20260405_NAKAYAMA_10,2026-04-05,中山,10,アリエＨ･3勝,20110100.0,シゲルソロソロ,丹内祐次,11,11,0.0496,0.3098,0.3424,35.62,9.0,9.0,9.0,9.0,21.17,D,様子見,5
20260405_HANSHIN_12,2026-04-05,阪神,12,天満橋Ｓ･3勝,20110120.0,ガンウルフ,高杉吏麒,11,11,0.0547,0.356,0.3835,35.73,8.0,8.0,8.0,8.0,25.81,D,様子見,5
20260405_NAKAYAMA_12,2026-04-05,中山,12,２勝ｸﾗｽ,21100104.0,ダイシンバースディ,武藤雅,4,4,0.0082,0.0585,0.0601,27.44,11.0,12.0,12.0,11.0,0.5,D,様子見,5
20260405_HANSHIN_10,2026-04-05,阪神,10,心斎橋Ｈ･3勝,21100143.0,メルトユアハート,松若風馬,15,15,0.0685,0.402,0.402,34.86,5.0,9.0,9.0,9.0,30.16,D,様子見,5
20260405_NAKAYAMA_08,2026-04-05,中山,8,１勝ｸﾗｽ,21100506.0,キングクレオール,大野拓弥,11,11,0.0081,0.0672,0.1003,26.45,15.0,15.0,15.0,14.0,0.98,D,様子見,5
20260405_NAKAYAMA_09,2026-04-05,中山,9,安房特別･2勝,21100660.0,ダイシンアポロン,丹内祐次,8,8,0.1074,0.5918,0.6418,50.08,6.0,4.0,5.0,5.0,25.65,D,様子見,5
20260405_HANSHIN_07,2026-04-05,阪神,7,２勝ｸﾗｽ,21100873.0,アオイミモザ,浜中俊,9,9,0.0309,0.2339,0.2579,31.09,12.0,12.0,12.0,12.0,11.39,D,様子見,5
20260405_NAKAYAMA_10,2026-04-05,中山,10,アリエＨ･3勝,21101045.0,タイセイミッション,黛弘人,6,6,0.1023,0.5782,0.6428,46.16,4.0,4.0,4.0,4.0,45.54,C,様子見,5
20260405_NAKAYAMA_04,2026-04-05,中山,4,障害未勝利,21101256.0,クラウングスタフ,難波剛健,10,10,0.0482,0.3523,0.3696,35.58,8.0,11.0,11.0,7.0,16.66,D,様子見,5
20260405_HANSHIN_10,2026-04-05,阪神,10,心斎橋Ｈ･3勝,21101412.0,スカイハイ,吉村誠之,13,13,0.0962,0.6296,0.6296,44.86,3.0,3.0,3.0,3.0,54.1,C,能力注,4
20260405_HANSHIN_11,2026-04-05,阪神,11,大阪杯G1,21101436.0,エコロヴァルツ,浜中俊,8,8,0.045,0.2297,0.2836,33.74,6.0,6.0,6.0,6.0,15.54,D,様子見,5
20260405_NAKAYAMA_04,2026-04-05,中山,4,障害未勝利,21101779.0,グランナヴィール,水沼元輝,4,4,0.1298,0.6212,0.6212,41.74,3.0,4.0,5.0,4.0,38.36,D,様子見,5
20260405_HANSHIN_07,2026-04-05,阪神,7,２勝ｸﾗｽ,21102436.0,レッドリベルタ,田口貫太,14,14,0.0352,0.2759,0.3488,34.23,11.0,10.0,10.0,8.0,15.74,D,様子見,5
20260405_HANSHIN_07,2026-04-05,阪神,7,２勝ｸﾗｽ,21102572.0,メイショウオオコ,吉田隼人,1,1,0.0384,0.273,0.3059,33.21,10.0,11.0,11.0,10.0,15.26,D,様子見,5
20260405_NAKAYAMA_04,2026-04-05,中山,4,障害未勝利,21102654.0,リードアクトレス,小野寺祐,6,6,0.0415,0.4342,0.4342,31.48,9.0,8.0,9.0,12.0,18.96,D,様子見,5
20260405_HANSHIN_07,2026-04-05,阪神,7,２勝ｸﾗｽ,21103002.0,アラナコア,菱田裕二,11,11,0.1366,0.7789,0.7886,60.32,2.0,2.0,2.0,1.0,77.44,A,複勝圏,3
20260405_HANSHIN_11,2026-04-05,阪神,11,大阪杯G1,21103272.0,メイショウタバル,武豊,6,6,0.1589,0.7187,0.7221,53.37,3.0,3.0,3.0,3.0,60.67,B,能力注,4
20260405_NAKAYAMA_08,2026-04-05,中山,8,１勝ｸﾗｽ,21103332.0,アイスブレイカー,江田照男,8,8,0.0062,0.0648,0.0773,25.57,16.0,16.0,16.0,15.0,0.0,D,様子見,5
20260405_NAKAYAMA_08,2026-04-05,中山,8,１勝ｸﾗｽ,21103482.0,ウインドファルクス,舟山瑠泉,3,3,0.01,0.0956,0.1133,26.87,14.0,13.0,14.0,13.0,2.58,D,様子見,5
20260405_HANSHIN_06,2026-04-05,阪神,6,１勝ｸﾗｽ,21103520.0,デルシエロ,吉村誠之,5,5,0.1052,0.6332,0.6956,55.4,7.0,5.0,5.0,5.0,45.44,C,様子見,5
20260405_NAKAYAMA_12,2026-04-05,中山,12,２勝ｸﾗｽ,21103799.0,ケイケイ,木幡巧也,10,10,0.0587,0.3629,0.4732,41.19,6.0,6.0,6.0,6.0,23.91,D,様子見,5
20260405_HANSHIN_08,2026-04-05,阪神,8,２勝ｸﾗｽ,21103821.0,ハイディージェン,鮫島克駿,7,7,0.0274,0.1421,0.1555,30.74,8.0,9.0,9.0,9.0,5.78,D,様子見,5
20260405_HANSHIN_10,2026-04-05,阪神,10,心斎橋Ｈ･3勝,21104167.0,エイムフォーエース,酒井学,1,1,0.0603,0.4908,0.4908,39.22,7.0,4.0,6.0,6.0,32.61,D,様子見,5
20260405_HANSHIN_08,2026-04-05,阪神,8,２勝ｸﾗｽ,21104832.0,モアリジット,古川奈穂,4,4,0.1075,0.4963,0.5157,44.58,5.0,6.0,6.0,6.0,36.33,D,様子見,5
20260405_HANSHIN_06,2026-04-05,阪神,6,１勝ｸﾗｽ,21105050.0,ドウアドバンテージ,浜中俊,1,1,0.1394,0.7336,0.7806,58.67,3.0,3.0,3.0,3.0,63.97,B,能力注,4
20260405_NAKAYAMA_09,2026-04-05,中山,9,安房特別･2勝,21105106.0,タッチアンドムーブ,荻野極,6,6,0.1239,0.5788,0.6328,50.23,4.0,5.0,6.0,4.0,28.47,D,様子見,5
20260405_HANSHIN_06,2026-04-05,阪神,6,１勝ｸﾗｽ,21105128.0,アスクアメージモア,古川奈穂,6,6,0.0175,0.1332,0.1462,31.14,9.0,9.0,9.0,9.0,0.0,D,様子見,5
20260405_HANSHIN_11,2026-04-05,阪神,11,大阪杯G1,21105143.0,ダノンデサイル,坂井瑠星,4,4,0.1666,0.7697,0.7784,57.93,2.0,2.0,2.0,2.0,72.49,A,複勝圏,3
20260405_NAKAYAMA_10,2026-04-05,中山,10,アリエＨ･3勝,21105156.0,ウィンドフォール,石橋脩,7,7,0.1193,0.6739,0.6739,49.23,3.0,3.0,3.0,3.0,59.12,B,能力注,4
20260405_NAKAYAMA_12,2026-04-05,中山,12,２勝ｸﾗｽ,21105252.0,シャンパンマーク,丹内祐次,2,2,0.1154,0.5206,0.5732,45.68,4.0,5.0,5.0,5.0,38.23,D,様子見,5
20260405_NAKAYAMA_10,2026-04-05,中山,10,アリエＨ･3勝,21105262.0,ラオラシオン,横山琉人,12,12,0.072,0.4576,0.506,40.29,6.0,6.0,6.0,6.0,33.23,D,様子見,5
20260405_NAKAYAMA_10,2026-04-05,中山,10,アリエＨ･3勝,21105272.0,タンゴバイラリン,菊沢一樹,14,14,0.0918,0.4938,0.5548,41.35,5.0,5.0,5.0,5.0,39.22,D,様子見,5
20260405_HANSHIN_10,2026-04-05,阪神,10,心斎橋Ｈ･3勝,21105370.0,キャプテンシー,松山弘平,3,3,0.052,0.3658,0.3767,34.47,11.0,10.0,10.0,10.0,24.91,D,様子見,5
20260405_NAKAYAMA_09,2026-04-05,中山,9,安房特別･2勝,21105475.0,レイデラルース,杉原誠人,2,2,0.0641,0.3747,0.409,38.72,8.0,8.0,8.0,8.0,0.0,D,様子見,5
20260405_NAKAYAMA_11,2026-04-05,中山,11,美浦Ｓ･3勝,21105503.0,クルミナーレ,荻野極,8,8,0.1133,0.6878,0.6878,49.32,3.0,3.0,3.0,3.0,60.86,B,能力注,4
20260405_HANSHIN_12,2026-04-05,阪神,12,天満橋Ｓ･3勝,21105598.0,ダノンスウィッチ,坂井瑠星,9,9,0.1021,0.5555,0.5559,42.19,5.0,5.0,6.0,6.0,46.61,C,様子見,5
20260405_NAKAYAMA_11,2026-04-05,中山,11,美浦Ｓ･3勝,21105609.0,スパークリシャール,柴田善臣,5,5,0.0701,0.4239,0.4452,39.04,7.0,7.0,7.0,7.0,31.98,D,様子見,5
20260405_NAKAYAMA_08,2026-04-05,中山,8,１勝ｸﾗｽ,21105668.0,バスターコール,原優介,7,7,0.0476,0.2716,0.2839,34.01,9.0,9.0,9.0,9.0,19.93,D,様子見,5
20260405_NAKAYAMA_11,2026-04-05,中山,11,美浦Ｓ･3勝,21105746.0,アルトゥーム,小沢大仁,16,16,0.0136,0.1235,0.1705,28.46,14.0,14.0,14.0,14.0,5.22,D,様子見,5
20260405_HANSHIN_10,2026-04-05,阪神,10,心斎橋Ｈ･3勝,21105771.0,ミルテンベルク,西村淳也,18,18,0.0599,0.4432,0.4989,39.82,8.0,5.0,5.0,5.0,31.32,D,様子見,5
20260405_HANSHIN_06,2026-04-05,阪神,6,１勝ｸﾗｽ,21105865.0,エボルヴィング,ルメール,3,3,0.1625,0.8054,0.825,64.48,1.0,1.0,1.0,1.0,100.0,S,軸,1
20260405_HANSHIN_08,2026-04-05,阪神,8,２勝ｸﾗｽ,21105886.0,ホウオウトランプ,ルメール,10,10,0.1751,0.8244,0.8448,65.32,2.0,2.0,1.0,1.0,78.49,A,複勝圏,3
20260405_NAKAYAMA_08,2026-04-05,中山,8,１勝ｸﾗｽ,21105917.0,アルナイル,佐々木大,2,2,0.021,0.1504,0.1997,28.37,10.0,11.0,11.0,12.0,8.55,D,様子見,5
20260405_HANSHIN_07,2026-04-05,阪神,7,２勝ｸﾗｽ,21105984.0,モモンウールー,田山旺佑,15,15,0.0723,0.3351,0.4006,37.82,7.0,9.0,7.0,7.0,26.29,D,様子見,5
20260405_HANSHIN_07,2026-04-05,阪神,7,２勝ｸﾗｽ,21106359.0,バトンインディ,幸英明,5,5,0.075,0.4854,0.5356,42.75,6.0,5.0,5.0,5.0,34.79,D,様子見,5
20260405_HANSHIN_11,2026-04-05,阪神,11,大阪杯G1,21106548.0,タガノデュード,古川吉洋,14,14,0.0176,0.1013,0.1157,27.02,13.0,13.0,13.0,12.0,4.84,D,様子見,5
20260405_NAKAYAMA_09,2026-04-05,中山,9,安房特別･2勝,21106563.0,イクリール,原優介,7,7,0.1745,0.8528,0.8633,67.58,2.0,2.0,2.0,2.0,73.05,A,複勝圏,3
20260405_NAKAYAMA_11,2026-04-05,中山,11,美浦Ｓ･3勝,21106595.0,ヤマニンアドホック,石川裕紀,4,4,0.1329,0.8193,0.8241,61.66,1.0,1.0,1.0,1.0,100.0,S,軸,1
20260405_HANSHIN_12,2026-04-05,阪神,12,天満橋Ｓ･3勝,21106757.0,リネアグローリア,岩田望来,13,13,0.0329,0.2205,0.2824,32.57,10.0,10.0,9.0,9.0,14.38,D,様子見,5
20260405_HANSHIN_08,2026-04-05,阪神,8,２勝ｸﾗｽ,21110078.0,オメガインペリアル,坂井瑠星,1,1,0.1014,0.5214,0.577,46.06,6.0,5.0,5.0,5.0,37.34,D,様子見,5
20260405_NAKAYAMA_10,2026-04-05,中山,10,アリエＨ･3勝,22100394.0,メリークリスマス,三浦皇成,16,16,0.1457,0.8162,0.8207,63.25,2.0,1.0,2.0,2.0,79.73,A,複勝圏,3
20260405_NAKAYAMA_08,2026-04-05,中山,8,１勝ｸﾗｽ,22100737.0,セイウンビッグバン,原田和真,10,10,0.0162,0.1962,0.2497,30.74,11.0,10.0,10.0,10.0,10.11,D,様子見,5
20260405_NAKAYAMA_08,2026-04-05,中山,8,１勝ｸﾗｽ,22100757.0,イノキ,丸山元気,5,5,0.0528,0.3261,0.3749,36.19,8.0,8.0,8.0,8.0,24.74,D,様子見,5
20260405_HANSHIN_06,2026-04-05,阪神,6,１勝ｸﾗｽ,22101102.0,ウインポセイドン,松若風馬,2,2,0.1191,0.5562,0.5828,45.97,5.0,7.0,7.0,7.0,43.11,C,様子見,5
20260405_NAKAYAMA_08,2026-04-05,中山,8,１勝ｸﾗｽ,22101141.0,ガンバレベアー,松岡正海,15,15,0.0943,0.5419,0.5763,42.86,6.0,7.0,6.0,6.0,44.86,C,様子見,5
20260405_NAKAYAMA_11,2026-04-05,中山,11,美浦Ｓ･3勝,22101329.0,フクノブルーレイク,松岡正海,6,6,0.0782,0.5103,0.5389,43.21,6.0,6.0,6.0,6.0,38.17,D,様子見,5
20260405_HANSHIN_10,2026-04-05,阪神,10,心斎橋Ｈ･3勝,22101432.0,スライビングロード,岩田望来,2,2,0.1353,0.8062,0.8246,62.08,1.0,1.0,1.0,1.0,100.0,S,軸,1
20260405_NAKAYAMA_04,2026-04-05,中山,4,障害未勝利,22101481.0,アルデツヨシ,金子光希,7,7,0.0348,0.4178,0.4178,33.34,10.0,9.0,10.0,10.0,17.39,D,様子見,5
20260405_HANSHIN_12,2026-04-05,阪神,12,天満橋Ｓ･3勝,22101543.0,ルークススペイ,川田将雅,16,16,0.1079,0.6346,0.6642,48.71,4.0,4.0,4.0,4.0,52.77,C,様子見,5
20260405_NAKAYAMA_08,2026-04-05,中山,8,１勝ｸﾗｽ,22101987.0,シルバードン,石橋脩,13,13,0.0102,0.142,0.194,28.51,13.0,12.0,12.0,11.0,5.87,D,様子見,5
20260405_NAKAYAMA_11,2026-04-05,中山,11,美浦Ｓ･3勝,22102982.0,ダンツファイター,佐々木大,11,11,0.0656,0.4056,0.4056,34.02,9.0,9.0,9.0,11.0,29.67,D,様子見,5
20260405_HANSHIN_10,2026-04-05,阪神,10,心斎橋Ｈ･3勝,22103042.0,フォルテム,吉田隼人,16,16,0.0541,0.325,0.325,32.3,10.0,11.0,11.0,12.0,23.19,D,様子見,5
20260405_HANSHIN_06,2026-04-05,阪神,6,１勝ｸﾗｽ,22103143.0,ロックウイズユー,永島まな,7,7,0.05,0.2774,0.2891,35.51,8.0,8.0,8.0,8.0,14.16,D,様子見,5
20260405_HANSHIN_10,2026-04-05,阪神,10,心斎橋Ｈ･3勝,22103262.0,メイショウツヨキ,武豊,14,14,0.0593,0.4187,0.4569,38.07,9.0,7.0,7.0,7.0,29.66,D,様子見,5
20260405_NAKAYAMA_08,2026-04-05,中山,8,１勝ｸﾗｽ,22103472.0,キョウエイスレーヴ,長浜鴻緒,16,16,0.0931,0.6194,0.6387,47.23,7.0,5.0,5.0,5.0,48.46,C,様子見,5
20260405_NAKAYAMA_04,2026-04-05,中山,4,障害未勝利,22103503.0,アウルムレガリア,大江原圭,8,8,0.0165,0.196,0.2144,26.81,12.0,13.0,13.0,13.0,5.95,D,様子見,5
20260405_NAKAYAMA_04,2026-04-05,中山,4,障害未勝利,22103528.0,ホウオウスターツ,小林凌大,14,14,0.0047,0.0975,0.1013,25.64,13.0,14.0,14.0,14.0,0.0,D,様子見,5
20260405_NAKAYAMA_08,2026-04-05,中山,8,１勝ｸﾗｽ,22103577.0,リッキースタイル,荻野極,4,4,0.1383,0.7456,0.7723,57.06,1.0,1.0,1.0,2.0,100.0,S,軸,1
20260405_HANSHIN_08,2026-04-05,阪神,8,２勝ｸﾗｽ,22103651.0,ツーエムクロノス,酒井学,5,5,0.0828,0.4381,0.4797,41.24,7.0,7.0,7.0,7.0,29.94,D,様子見,5
20260405_HANSHIN_12,2026-04-05,阪神,12,天満橋Ｓ･3勝,22103684.0,ゲイルライダー,武豊,4,4,0.1301,0.7214,0.7226,52.93,2.0,2.0,2.0,2.0,76.81,A,複勝圏,3
20260405_HANSHIN_07,2026-04-05,阪神,7,２勝ｸﾗｽ,22103733.0,スーパージョック,武豊,2,2,0.0589,0.3805,0.3805,33.6,8.0,7.0,8.0,9.0,24.57,D,様子見,5
20260405_HANSHIN_10,2026-04-05,阪神,10,心斎橋Ｈ･3勝,22103754.0,ミストレス,古川奈穂,9,9,0.0191,0.1586,0.1586,27.82,14.0,15.0,15.0,15.0,7.33,D,様子見,5
20260405_HANSHIN_10,2026-04-05,阪神,10,心斎橋Ｈ･3勝,22104053.0,ミトノオルフェ,ルメール,6,6,0.1278,0.7576,0.7576,57.46,2.0,2.0,2.0,2.0,75.61,A,複勝圏,3
20260405_HANSHIN_11,2026-04-05,阪神,11,大阪杯G1,22104218.0,ファウストラーゼン,岩田康誠,13,13,0.0103,0.1169,0.1381,26.07,14.0,12.0,12.0,13.0,4.58,D,様子見,5
20260405_NAKAYAMA_08,2026-04-05,中山,8,１勝ｸﾗｽ,22104221.0,ペイシャアーサー,丹内祐次,1,1,0.1033,0.5494,0.559,41.82,5.0,6.0,7.0,7.0,46.64,C,様子見,5
20260405_HANSHIN_12,2026-04-05,阪神,12,天満橋Ｓ･3勝,22104398.0,タマモティーカップ,永島まな,15,15,0.1187,0.6816,0.6944,49.62,3.0,3.0,3.0,3.0,64.12,B,能力注,4
20260405_HANSHIN_06,2026-04-05,阪神,6,１勝ｸﾗｽ,22104598.0,ドルチェリターン,団野大成,8,8,0.1547,0.7807,0.8163,62.58,2.0,2.0,2.0,2.0,77.5,A,複勝圏,3
20260405_HANSHIN_11,2026-04-05,阪神,11,大阪杯G1,22104714.0,ショウヘイ,川田将雅,5,5,0.1426,0.6867,0.6867,51.15,4.0,4.0,4.0,4.0,49.96,C,様子見,5
20260405_HANSHIN_08,2026-04-05,阪神,8,２勝ｸﾗｽ,22104715.0,ジーティーマン,北村友一,2,2,0.1836,0.83,0.83,65.16,1.0,1.0,2.0,2.0,99.7,S,軸,1
20260405_HANSHIN_06,2026-04-05,阪神,6,１勝ｸﾗｽ,22104724.0,ハルフロンティア,和田陽希,9,9,0.1358,0.679,0.7603,57.71,4.0,4.0,4.0,4.0,54.28,C,様子見,5
20260405_NAKAYAMA_09,2026-04-05,中山,9,安房特別･2勝,22104725.0,カーミングライツ,横山和生,3,3,0.144,0.6945,0.7602,56.45,3.0,3.0,3.0,3.0,48.34,C,能力注,4
20260405_NAKAYAMA_11,2026-04-05,中山,11,美浦Ｓ･3勝,22104813.0,ジュタ,横山武史,14,14,0.1182,0.7123,0.7123,52.54,2.0,2.0,2.0,2.0,71.39,A,複勝圏,3
20260405_HANSHIN_06,2026-04-05,阪神,6,１勝ｸﾗｽ,22104929.0,バニーラビット,森田誠也,4,4,0.116,0.6004,0.6579,50.26,6.0,6.0,6.0,6.0,45.63,C,様子見,5
20260405_HANSHIN_07,2026-04-05,阪神,7,２勝ｸﾗｽ,22105021.0,マテンロウブレイブ,横山典弘,13,13,0.1464,0.7926,0.7959,59.58,1.0,1.0,1.0,2.0,100.0,S,軸,1
20260405_HANSHIN_07,2026-04-05,阪神,7,２勝ｸﾗｽ,22105022.0,ライノ,西村淳也,8,8,0.1349,0.7586,0.7586,56.19,3.0,3.0,3.0,3.0,67.49,B,能力注,4
20260405_HANSHIN_11,2026-04-05,阪神,11,大阪杯G1,22105073.0,エコロディノス,池添謙一,7,7,0.0304,0.2089,0.2801,32.65,8.0,7.0,7.0,7.0,12.73,D,様子見,5
20260405_HANSHIN_11,2026-04-05,阪神,11,大阪杯G1,22105102.0,クロワデュノール,北村友一,15,15,0.191,0.8579,0.8579,67.67,1.0,1.0,1.0,1.0,100.0,S,軸,1
20260405_NAKAYAMA_12,2026-04-05,中山,12,２勝ｸﾗｽ,22105141.0,レーヴブリリアント,舟山瑠泉,11,11,0.1146,0.5683,0.6327,46.74,5.0,4.0,4.0,4.0,40.56,C,様子見,5
20260405_NAKAYAMA_12,2026-04-05,中山,12,２勝ｸﾗｽ,22105144.0,リバーバレイト,佐々木大,3,3,0.1979,0.8279,0.8357,67.43,2.0,2.0,2.0,2.0,78.42,A,複勝圏,3
20260405_NAKAYAMA_11,2026-04-05,中山,11,美浦Ｓ･3勝,22105454.0,シャドウメテオ,丹内祐次,1,1,0.0877,0.562,0.6042,45.47,5.0,5.0,4.0,4.0,43.09,C,様子見,5
20260405_NAKAYAMA_09,2026-04-05,中山,9,安房特別･2勝,22105456.0,オストラヴァ,津村明秀,1,1,0.1912,0.8989,0.9076,76.7,1.0,1.0,1.0,1.0,100.0,S,軸,1
20260405_NAKAYAMA_12,2026-04-05,中山,12,２勝ｸﾗｽ,22105501.0,プリムツァール,横山武史,12,12,0.202,0.849,0.8572,68.34,1.0,1.0,1.0,1.0,100.0,S,軸,1
20260405_HANSHIN_07,2026-04-05,阪神,7,２勝ｸﾗｽ,22105552.0,ナグルファル,和田陽希,10,10,0.0776,0.3825,0.4238,38.98,5.0,6.0,6.0,6.0,29.39,D,様子見,5
20260405_HANSHIN_07,2026-04-05,阪神,7,２勝ｸﾗｽ,22105611.0,ワイドクリーガー,高杉吏麒,6,6,0.0525,0.3582,0.3582,32.87,9.0,8.0,9.0,11.0,22.04,D,様子見,5
20260405_HANSHIN_12,2026-04-05,阪神,12,天満橋Ｓ･3勝,22105696.0,サヴォンリンナ,北村友一,2,2,0.0286,0.2061,0.2323,29.6,11.0,11.0,12.0,12.0,11.88,D,様子見,5
20260405_NAKAYAMA_11,2026-04-05,中山,11,美浦Ｓ･3勝,22105777.0,ドゥカート,津村明秀,3,3,0.0511,0.3967,0.3967,35.03,10.0,10.0,10.0,10.0,26.01,D,様子見,5
20260405_NAKAYAMA_12,2026-04-05,中山,12,２勝ｸﾗｽ,22105807.0,パワースナッチ,杉原誠人,5,5,0.1588,0.6991,0.7288,55.97,3.0,3.0,3.0,3.0,59.03,B,能力注,4
20260405_HANSHIN_07,2026-04-05,阪神,7,２勝ｸﾗｽ,22105885.0,ショーダンサー,古川吉洋,3,3,0.0884,0.568,0.6102,44.88,4.0,4.0,4.0,4.0,41.85,C,様子見,5
20260405_HANSHIN_08,2026-04-05,阪神,8,２勝ｸﾗｽ,22106322.0,フェアリーライク,武豊,9,9,0.1708,0.8092,0.8184,62.83,3.0,3.0,3.0,3.0,68.56,B,能力注,4
20260405_NAKAYAMA_10,2026-04-05,中山,10,アリエＨ･3勝,22106541.0,グレイテストソング,国分恭介,1,1,0.0579,0.4104,0.4356,37.01,8.0,8.0,7.0,8.0,27.63,D,様子見,5
20260405_NAKAYAMA_09,2026-04-05,中山,9,安房特別･2勝,22106624.0,リギーロ,佐々木大,5,5,0.1122,0.5528,0.6525,50.03,5.0,6.0,4.0,6.0,25.39,D,様子見,5
20260405_NAKAYAMA_09,2026-04-05,中山,9,安房特別･2勝,22106626.0,ロールザダイス,横山武史,4,4,0.0828,0.4656,0.5476,43.66,7.0,7.0,7.0,7.0,12.11,D,様子見,5
20260405_NAKAYAMA_08,2026-04-05,中山,8,１勝ｸﾗｽ,22106669.0,パシーヴ,三浦皇成,9,9,0.1209,0.6779,0.6913,51.92,4.0,4.0,4.0,4.0,57.38,B,様子見,5
20260405_NAKAYAMA_04,2026-04-05,中山,4,障害未勝利,22106737.0,エターナルシルバー,草野太郎,5,5,0.0698,0.4138,0.4519,34.56,7.0,10.0,8.0,8.0,22.44,D,様子見,5
20260405_NAKAYAMA_04,2026-04-05,中山,4,障害未勝利,22106754.0,オンクラウドナイン,石神深一,2,2,0.0047,0.97,0.98,32.68,13.0,1.0,1.0,11.0,44.5,C,複勝圏,3
20260405_HANSHIN_08,2026-04-05,阪神,8,２勝ｸﾗｽ,22106760.0,マイネルフルムーン,団野大成,3,3,0.1166,0.5877,0.6369,48.7,4.0,4.0,4.0,4.0,42.95,C,様子見,5
20260405_NAKAYAMA_12,2026-04-05,中山,12,２勝ｸﾗｽ,22106803.0,ミラーダカリエンテ,石田拓郎,1,1,0.0456,0.1754,0.2175,35.18,8.0,9.0,9.0,9.0,12.03,D,様子見,5
20260405_HANSHIN_12,2026-04-05,阪神,12,天満橋Ｓ･3勝,22106920.0,ニューオーリンズ,和田陽希,5,5,0.1332,0.7494,0.7976,57.83,1.0,1.0,1.0,1.0,100.0,S,軸,1
20260405_NAKAYAMA_10,2026-04-05,中山,10,アリエＨ･3勝,22110054.0,デルアヴァー,荻野極,8,8,0.146,0.8152,0.8315,64.97,1.0,2.0,1.0,1.0,99.97,S,軸,1
20260405_HANSHIN_12,2026-04-05,阪神,12,天満橋Ｓ･3勝,22110077.0,イリフィ,ルメール,14,14,0.0745,0.4271,0.4573,38.07,7.0,7.0,7.0,7.0,34.15,D,様子見,5
20260405_NAKAYAMA_08,2026-04-05,中山,8,１勝ｸﾗｽ,22110126.0,エコロカディス,杉原誠人,12,12,0.1317,0.7146,0.7447,57.21,3.0,2.0,2.0,1.0,72.5,A,能力注,4
20260405_NAKAYAMA_01,2026-04-05,中山,1,未勝利・牝,23100013.0,トルマリンテソーロ,野中悠太,15,15,0.0146,0.0939,0.1255,25.6,13.0,16.0,16.0,14.0,1.6,D,様子見,5
20260405_HANSHIN_04,2026-04-05,阪神,4,未勝利,23100020.0,アイゼンハイム,鮫島克駿,10,10,0.0581,0.3107,0.3566,35.29,7.0,7.0,7.0,7.0,21.7,D,様子見,5
20260405_NAKAYAMA_02,2026-04-05,中山,2,未勝利,23100100.0,アイアンロッキー,木幡育也,7,7,0.0046,0.0336,0.05,22.78,15.0,15.0,15.0,16.0,0.09,D,様子見,5
20260405_NAKAYAMA_03,2026-04-05,中山,3,未勝利,23100178.0,モズラストセール,木幡巧也,16,16,0.0401,0.2442,0.2576,32.78,6.0,6.0,6.0,7.0,12.26,D,様子見,5
20260405_NAKAYAMA_07,2026-04-05,中山,7,１勝ｸﾗｽ*,23100214.0,シーグルロス,佐藤翔馬,3,3,0.039,0.2143,0.2584,31.32,10.0,12.0,11.0,10.0,16.12,D,様子見,5
20260405_NAKAYAMA_05,2026-04-05,中山,5,未勝利,23100314.0,グレイスルーラー,丹内祐次,13,13,0.0254,0.1314,0.1635,30.09,9.0,11.0,11.0,10.0,7.87,D,様子見,5
20260405_HANSHIN_04,2026-04-05,阪神,4,未勝利,23100340.0,ツーエムアスリート,松若風馬,13,13,0.0156,0.1276,0.1358,27.85,10.0,11.0,12.0,12.0,6.01,D,様子見,5
20260405_HANSHIN_03,2026-04-05,阪神,3,未勝利,23100392.0,レジーナテンペスタ,西塚洸二,5,5,0.0491,0.3077,0.3699,37.09,8.0,7.0,7.0,7.0,20.54,D,様子見,5
20260405_NAKAYAMA_01,2026-04-05,中山,1,未勝利・牝,23100485.0,キタノエピックアン,上里直汰,7,7,0.1683,0.8442,0.8547,66.65,2.0,2.0,2.0,2.0,75.41,A,複勝圏,3
20260405_NAKAYAMA_05,2026-04-05,中山,5,未勝利,23100529.0,タッカーヴァンバン,吉田豊,7,7,0.0822,0.3883,0.4458,39.71,5.0,6.0,5.0,5.0,28.24,D,様子見,5
20260405_HANSHIN_09,2026-04-05,阪神,9,バイオレ,23100547.0,ビービークローサー,坂井瑠星,3,3,0.0768,0.4792,0.4792,41.25,7.0,7.0,8.0,7.0,23.13,D,様子見,5
20260405_NAKAYAMA_02,2026-04-05,中山,2,未勝利,23100560.0,ヤマトスイフト,大野拓弥,8,8,0.0233,0.146,0.1732,28.13,11.0,12.0,12.0,12.0,7.67,D,様子見,5
20260405_HANSHIN_04,2026-04-05,阪神,4,未勝利,23100603.0,ショウナンアンバー,吉村誠之,8,8,0.0095,0.0525,0.0771,25.39,13.0,14.0,13.0,14.0,1.96,D,様子見,5
20260405_HANSHIN_02,2026-04-05,阪神,2,未勝利,23100604.0,ショウナンアワード,田口貫太,6,6,0.0163,0.1099,0.1943,32.43,10.0,11.0,10.0,9.0,5.19,D,様子見,5
20260405_HANSHIN_05,2026-04-05,阪神,5,１勝ｸﾗｽ*,23100612.0,タイセイジェイド,坂井瑠星,7,7,0.0443,0.2773,0.2915,34.4,8.0,7.0,7.0,7.0,12.96,D,様子見,5
20260405_HANSHIN_09,2026-04-05,阪神,9,バイオレ,23100613.0,サマーゲール,松山弘平,12,12,0.0968,0.5485,0.5584,42.27,4.0,4.0,5.0,6.0,32.53,D,様子見,5
20260405_HANSHIN_01,2026-04-05,阪神,1,未勝利・牝,23100628.0,メモリーデイズ,国分優作,15,15,0.0044,0.0891,0.1265,27.6,15.0,14.0,13.0,12.0,1.53,D,様子見,5
20260405_HANSHIN_09,2026-04-05,阪神,9,バイオレ,23100670.0,ルクスレイモンド,武豊,8,8,0.0485,0.27,0.3028,35.06,11.0,10.0,11.0,11.0,4.06,D,様子見,5
20260405_NAKAYAMA_02,2026-04-05,中山,2,未勝利,23100692.0,ハンナパール,吉田豊,3,3,0.013,0.1634,0.2032,30.11,13.0,11.0,11.0,11.0,7.22,D,様子見,5
20260405_NAKAYAMA_02,2026-04-05,中山,2,未勝利,23100703.0,タイセイギガース,黛弘人,12,12,0.0251,0.184,0.2313,31.43,10.0,10.0,10.0,9.0,9.89,D,様子見,5
20260405_NAKAYAMA_07,2026-04-05,中山,7,１勝ｸﾗｽ*,23100796.0,クラディスティーナ,荻野極,7,7,0.0464,0.3079,0.3859,34.93,9.0,9.0,9.0,9.0,23.97,D,様子見,5
20260405_HANSHIN_09,2026-04-05,阪神,9,バイオレ,23100803.0,ジャックナダル,西村淳也,1,1,0.0349,0.2626,0.3228,33.51,12.0,11.0,10.0,12.0,1.13,D,様子見,5
20260405_NAKAYAMA_05,2026-04-05,中山,5,未勝利,23100812.0,カドドゥディエ,遠藤汰月,9,9,0.0225,0.1806,0.3297,34.67,11.0,9.0,8.0,8.0,11.71,D,様子見,5
20260405_HANSHIN_01,2026-04-05,阪神,1,未勝利・牝,23100912.0,エレーデサンライズ,藤懸貴志,9,9,0.0435,0.3175,0.3195,33.8,10.0,10.0,10.0,10.0,22.01,D,様子見,5
20260405_HANSHIN_03,2026-04-05,阪神,3,未勝利,23100927.0,マスターストーン,北村友一,6,6,0.1077,0.5621,0.5822,43.74,4.0,4.0,5.0,5.0,41.01,C,様子見,5
20260405_HANSHIN_04,2026-04-05,阪神,4,未勝利,23100938.0,スウィーティーベル,団野大成,7,7,0.0135,0.0924,0.1941,30.45,12.0,12.0,10.0,10.0,5.8,D,様子見,5
20260405_NAKAYAMA_07,2026-04-05,中山,7,１勝ｸﾗｽ*,23100942.0,マウンテンバローズ,石橋脩,14,14,0.0846,0.4748,0.5037,40.84,7.0,7.0,8.0,8.0,40.97,C,様子見,5
20260405_HANSHIN_01,2026-04-05,阪神,1,未勝利・牝,23100966.0,マリブサーフ,田山旺佑,6,6,0.1287,0.7276,0.7396,57.15,1.0,3.0,3.0,3.0,94.98,S,軸,1
20260405_NAKAYAMA_06,2026-04-05,中山,6,１勝ｸﾗｽ*,23101165.0,プレイメイカー,小林美駒,4,4,0.0447,0.3068,0.3068,32.28,8.0,8.0,8.0,9.0,20.32,D,様子見,5
20260405_NAKAYAMA_07,2026-04-05,中山,7,１勝ｸﾗｽ*,23101169.0,ファインサマーデイ,横山武史,10,10,0.1313,0.7078,0.7267,54.93,2.0,1.0,2.0,2.0,79.57,A,複勝圏,3
20260405_HANSHIN_03,2026-04-05,阪神,3,未勝利,23101263.0,チェラブ,藤懸貴志,2,2,0.0038,0.0446,0.0687,23.0,14.0,15.0,14.0,15.0,0.54,D,様子見,5
20260405_NAKAYAMA_02,2026-04-05,中山,2,未勝利,23101323.0,ラインジーク,横山和生,14,14,0.2074,0.897,0.9092,75.15,1.0,1.0,1.0,1.0,100.0,S,軸,1
20260405_NAKAYAMA_05,2026-04-05,中山,5,未勝利,23101328.0,ラインクインビー,武藤雅,12,12,0.061,0.2926,0.41,39.22,7.0,7.0,7.0,7.0,21.9,D,様子見,5
20260405_NAKAYAMA_06,2026-04-05,中山,6,１勝ｸﾗｽ*,23101383.0,ガンダ,横山琉人,14,14,0.1302,0.675,0.7347,53.99,2.0,3.0,3.0,3.0,65.99,B,様子見,5
20260405_HANSHIN_02,2026-04-05,阪神,2,未勝利,23101412.0,クリコバロー,河原田菜,3,3,0.0044,0.0524,0.0773,28.65,12.0,13.0,12.0,12.0,0.04,D,様子見,5
20260405_NAKAYAMA_03,2026-04-05,中山,3,未勝利,23101482.0,カンフーヒーロー,長浜鴻緒,14,14,0.0276,0.1606,0.1606,29.72,9.0,8.0,10.0,10.0,7.31,D,様子見,5
20260405_HANSHIN_03,2026-04-05,阪神,3,未勝利,23101499.0,クロボタン,田山旺佑,4,4,0.0051,0.1128,0.1146,25.77,13.0,13.0,13.0,13.0,3.37,D,様子見,5
20260405_HANSHIN_03,2026-04-05,阪神,3,未勝利,23101523.0,モズオサキニ,鮫島克駿,8,8,0.0521,0.3074,0.3231,34.07,7.0,8.0,8.0,8.0,20.21,D,様子見,5
20260405_NAKAYAMA_05,2026-04-05,中山,5,未勝利,23101647.0,サンマルフォース,長浜鴻緒,4,4,0.0071,0.1291,0.1291,25.27,14.0,12.0,13.0,13.0,4.44,D,様子見,5
20260405_NAKAYAMA_02,2026-04-05,中山,2,未勝利,23101656.0,キイチムーブメント,小林脩斗,4,4,0.0503,0.2483,0.3456,36.54,7.0,7.0,7.0,6.0,17.0,D,様子見,5
20260405_NAKAYAMA_01,2026-04-05,中山,1,未勝利・牝,23101739.0,デコニミカヅキ,水沼元輝,3,3,0.0102,0.1317,0.1536,24.29,14.0,15.0,14.0,16.0,2.52,D,様子見,5
20260405_NAKAYAMA_03,2026-04-05,中山,3,未勝利,23101813.0,ミスターキャンベラ,横山武史,7,7,0.2683,0.9457,0.9532,83.26,1.0,1.0,1.0,1.0,100.0,S,軸,1
20260405_NAKAYAMA_07,2026-04-05,中山,7,１勝ｸﾗｽ*,23102007.0,ゼファーテソーロ,原優介,8,8,0.0764,0.444,0.5198,42.07,8.0,8.0,7.0,7.0,38.45,D,様子見,5
20260405_NAKAYAMA_01,2026-04-05,中山,1,未勝利・牝,23102096.0,トラストレガート,吉田豊,14,14,0.0042,0.1396,0.1396,27.46,16.0,13.0,15.0,13.0,1.54,D,様子見,5
20260405_HANSHIN_09,2026-04-05,阪神,9,バイオレ,23102173.0,メイショウカクウチ,菱田裕二,11,11,0.1346,0.7615,0.7638,56.58,2.0,2.0,2.0,2.0,69.76,B,複勝圏,3
20260405_HANSHIN_04,2026-04-05,阪神,4,未勝利,23102190.0,ニテンイチリュウ,田口貫太,15,15,0.0046,0.03,0.05,25.85,14.0,15.0,15.0,13.0,0.08,D,様子見,5
20260405_NAKAYAMA_05,2026-04-05,中山,5,未勝利,23102281.0,フクスケ,木幡育也,6,6,0.0044,0.0389,0.05,24.44,15.0,15.0,15.0,14.0,0.23,D,様子見,5
20260405_NAKAYAMA_05,2026-04-05,中山,5,未勝利,23102434.0,グランフルス,菊沢一樹,8,8,0.0222,0.0943,0.1369,28.71,12.0,14.0,12.0,12.0,5.94,D,様子見,5
20260405_HANSHIN_03,2026-04-05,阪神,3,未勝利,23102464.0,アクアマイスター,松若風馬,7,7,0.1392,0.7471,0.7593,57.85,2.0,2.0,2.0,2.0,69.4,B,複勝圏,3
20260405_HANSHIN_02,2026-04-05,阪神,2,未勝利,23102582.0,テイエムスターラン,高倉稜,4,4,0.1841,0.811,0.84,68.01,2.0,3.0,3.0,2.0,69.72,B,様子見,5
20260405_NAKAYAMA_02,2026-04-05,中山,2,未勝利,23102621.0,チッタデラモーレ,佐藤翔馬,1,1,0.0046,0.03,0.05,23.75,15.0,16.0,15.0,15.0,0.0,D,様子見,5
20260405_NAKAYAMA_05,2026-04-05,中山,5,未勝利,23102689.0,カキュウ,柴田善臣,3,3,0.0044,0.03,0.05,23.14,15.0,16.0,15.0,16.0,0.0,D,様子見,5
20260405_HANSHIN_04,2026-04-05,阪神,4,未勝利,23102718.0,レイワノキセキ,田山旺佑,6,6,0.0764,0.3757,0.466,41.67,6.0,6.0,6.0,5.0,28.37,D,様子見,5
20260405_HANSHIN_03,2026-04-05,阪神,3,未勝利,23102733.0,シオミン,今村聖奈,16,16,0.102,0.526,0.5356,42.14,5.0,5.0,6.0,6.0,38.25,D,様子見,5
20260405_NAKAYAMA_02,2026-04-05,中山,2,未勝利,23102803.0,ケイベエ,木幡巧也,16,16,0.0292,0.1987,0.2448,30.38,9.0,9.0,9.0,10.0,11.08,D,様子見,5
20260405_NAKAYAMA_01,2026-04-05,中山,1,未勝利・牝,23102869.0,サクラボーベル,丸山元気,5,5,0.0622,0.363,0.4169,36.19,6.0,6.0,7.0,7.0,22.11,D,様子見,5
20260405_HANSHIN_02,2026-04-05,阪神,2,未勝利,23102930.0,サイモンゴージャス,秋山稔樹,10,10,0.0234,0.164,0.2122,30.66,9.0,9.0,9.0,11.0,7.87,D,様子見,5
20260405_NAKAYAMA_03,2026-04-05,中山,3,未勝利,23102935.0,ニケフェリーチェ,柴田大知,3,3,0.0057,0.03,0.05,23.8,12.0,15.0,14.0,15.0,0.0,D,様子見,5
20260405_HANSHIN_01,2026-04-05,阪神,1,未勝利・牝,23102952.0,ココロザスノ,川田将雅,5,5,0.0986,0.5934,0.5934,45.05,5.0,5.0,5.0,6.0,49.39,C,様子見,5
20260405_HANSHIN_02,2026-04-05,阪神,2,未勝利,23102959.0,ヒロノフウジン,川端海翼,2,2,0.0082,0.0752,0.0752,26.72,11.0,12.0,13.0,13.0,1.15,D,様子見,5
20260405_HANSHIN_09,2026-04-05,阪神,9,バイオレ,23102991.0,ローズカリス,田口貫太,9,9,0.0518,0.2465,0.3027,35.26,10.0,12.0,12.0,10.0,3.99,D,様子見,5
20260405_NAKAYAMA_01,2026-04-05,中山,1,未勝利・牝,23103024.0,ギンケイ,荻野極,1,1,0.1846,0.8894,0.8963,75.11,1.0,1.0,1.0,1.0,100.0,S,軸,1
20260405_NAKAYAMA_07,2026-04-05,中山,7,１勝ｸﾗｽ*,23103085.0,トリスティ,谷原柚希,2,2,0.0068,0.0886,0.0952,26.47,14.0,13.0,13.0,14.0,0.82,D,様子見,5
20260405_HANSHIN_05,2026-04-05,阪神,5,１勝ｸﾗｽ*,23103092.0,セルジュバローズ,川田将雅,9,9,0.0861,0.4839,0.5592,41.03,6.0,6.0,6.0,6.0,31.69,D,様子見,5
20260405_NAKAYAMA_07,2026-04-05,中山,7,１勝ｸﾗｽ*,23103137.0,ハッピーラッキー,田辺裕信,5,5,0.1136,0.6392,0.6691,50.47,4.0,4.0,4.0,4.0,56.95,B,様子見,5
20260405_HANSHIN_01,2026-04-05,阪神,1,未勝利・牝,23103191.0,ワンダーアスク,川又賢治,12,12,0.0227,0.1561,0.2308,30.97,11.0,11.0,11.0,11.0,10.13,D,様子見,5
20260405_HANSHIN_04,2026-04-05,阪神,4,未勝利,23103196.0,フクチャンブラック,池添謙一,9,9,0.0472,0.2814,0.319,34.32,8.0,8.0,8.0,8.0,18.5,D,様子見,5
20260405_HANSHIN_01,2026-04-05,阪神,1,未勝利・牝,23103260.0,ドールズ,高倉稜,2,2,0.0093,0.095,0.0964,25.41,13.0,13.0,14.0,14.0,2.19,D,様子見,5
20260405_NAKAYAMA_02,2026-04-05,中山,2,未勝利,23103303.0,リゼクールグレー,長浜鴻緒,9,9,0.0785,0.4179,0.4179,35.41,5.0,5.0,6.0,7.0,26.47,D,様子見,5
20260405_NAKAYAMA_02,2026-04-05,中山,2,未勝利,23103338.0,トゥモローズウェイ,菊沢一樹,10,10,0.0368,0.199,0.2671,33.22,8.0,8.0,8.0,8.0,12.52,D,様子見,5
20260405_NAKAYAMA_06,2026-04-05,中山,6,１勝ｸﾗｽ*,23103422.0,ピースサイン,佐々木大,9,9,0.0313,0.2174,0.2174,28.27,10.0,11.0,11.0,13.0,13.59,D,様子見,5
20260405_NAKAYAMA_05,2026-04-05,中山,5,未勝利,23103467.0,エリュグレイス,横山武史,14,14,0.1904,0.8678,0.8845,70.9,1.0,1.0,1.0,1.0,100.0,S,軸,1
20260405_HANSHIN_04,2026-04-05,阪神,4,未勝利,23103481.0,デルマフジ,ルメール,5,5,0.1776,0.8628,0.8741,69.72,1.0,1.0,1.0,1.0,100.0,S,軸,1
20260405_HANSHIN_01,2026-04-05,阪神,1,未勝利・牝,23103524.0,アンビエントポップ,岩田康誠,10,10,0.0763,0.4651,0.4775,38.57,7.0,7.0,7.0,8.0,37.64,D,様子見,5
20260405_NAKAYAMA_01,2026-04-05,中山,1,未勝利・牝,23103544.0,フライスカイハイ,舟山瑠泉,9,9,0.0257,0.1885,0.2556,30.19,10.0,10.0,10.0,10.0,8.49,D,様子見,5
20260405_HANSHIN_05,2026-04-05,阪神,5,１勝ｸﾗｽ*,23103547.0,ブリッジエフェクト,斎藤新,5,5,0.118,0.5756,0.5879,46.21,4.0,4.0,5.0,4.0,40.41,C,様子見,5
20260405_NAKAYAMA_06,2026-04-05,中山,6,１勝ｸﾗｽ*,23103628.0,ケイツーリーブル,津村明秀,6,6,0.0528,0.3589,0.3803,36.35,7.0,7.0,7.0,7.0,24.72,D,様子見,5
20260405_NAKAYAMA_06,2026-04-05,中山,6,１勝ｸﾗｽ*,23103696.0,マーゴットサンズ,菊沢一樹,13,13,0.1127,0.5994,0.6241,47.11,4.0,4.0,4.0,4.0,47.23,C,様子見,5
20260405_NAKAYAMA_06,2026-04-05,中山,6,１勝ｸﾗｽ*,23103709.0,ウリズンベー,横山武史,1,1,0.0931,0.4896,0.5287,40.69,5.0,6.0,6.0,6.0,38.68,D,様子見,5
20260405_HANSHIN_05,2026-04-05,阪神,5,１勝ｸﾗｽ*,23103783.0,ヴォーカライズ,西村淳也,3,3,0.1353,0.6729,0.689,51.83,3.0,3.0,3.0,3.0,55.06,B,能力注,4
20260405_HANSHIN_03,2026-04-05,阪神,3,未勝利,23103810.0,キャッチアシーフ,岩田望来,10,10,0.1688,0.8735,0.8856,70.33,1.0,1.0,1.0,1.0,100.0,S,軸,1
20260405_NAKAYAMA_03,2026-04-05,中山,3,未勝利,23103830.0,ブルーアンビエンス,石田拓郎,5,5,0.0376,0.1964,0.2426,33.97,7.0,7.0,7.0,6.0,10.6,D,様子見,5
20260405_NAKAYAMA_01,2026-04-05,中山,1,未勝利・牝,23103873.0,サーロー,菊沢一樹,4,4,0.0614,0.3404,0.4279,38.04,7.0,7.0,6.0,6.0,21.57,D,様子見,5
20260405_HANSHIN_02,2026-04-05,阪神,2,未勝利,23103890.0,カフジミモレット,幸英明,8,8,0.0951,0.4777,0.5471,44.25,5.0,6.0,6.0,5.0,31.96,D,様子見,5
20260405_HANSHIN_02,2026-04-05,阪神,2,未勝利,23104012.0,キタノアンドレイ,古川吉洋,11,11,0.087,0.4695,0.5374,42.47,7.0,7.0,7.0,6.0,30.35,D,様子見,5
20260405_NAKAYAMA_05,2026-04-05,中山,5,未勝利,23104023.0,コスモアンタレス,柴田大知,5,5,0.0409,0.2432,0.2778,33.61,8.0,8.0,9.0,9.0,15.2,D,様子見,5
20260405_NAKAYAMA_06,2026-04-05,中山,6,１勝ｸﾗｽ*,23104031.0,タイセイエムロード,石田拓郎,12,12,0.0302,0.1649,0.1951,28.53,11.0,13.0,12.0,12.0,11.47,D,様子見,5
20260405_HANSHIN_01,2026-04-05,阪神,1,未勝利・牝,23104046.0,プリンセスアツコ,鮫島良太,1,1,0.0963,0.5737,0.5737,45.7,6.0,6.0,6.0,5.0,47.8,C,様子見,5
20260405_HANSHIN_09,2026-04-05,阪神,9,バイオレ,23104275.0,ハグレジョー,鮫島克駿,10,10,0.0639,0.4083,0.4942,40.97,9.0,9.0,7.0,8.0,17.91,D,様子見,5
20260405_HANSHIN_01,2026-04-05,阪神,1,未勝利・牝,23104326.0,タガノプディング,川端海翼,8,8,0.1257,0.7329,0.7562,57.4,3.0,2.0,2.0,2.0,74.09,A,能力注,4
20260405_HANSHIN_03,2026-04-05,阪神,3,未勝利,23104328.0,アルムアポジェ,秋山稔樹,13,13,0.129,0.7007,0.7188,55.06,3.0,3.0,3.0,3.0,57.46,B,能力注,4
20260405_HANSHIN_05,2026-04-05,阪神,5,１勝ｸﾗｽ*,23104339.0,ルファーダ,幸英明,4,4,0.0246,0.1885,0.2235,31.68,11.0,10.0,10.0,10.0,5.58,D,様子見,5
20260405_HANSHIN_03,2026-04-05,阪神,3,未勝利,23104350.0,ボールドペイト,太宰啓介,1,1,0.0372,0.2578,0.289,32.15,10.0,10.0,9.0,9.0,15.77,D,様子見,5
20260405_NAKAYAMA_05,2026-04-05,中山,5,未勝利,23104371.0,ファーザーアウェイ,田辺裕信,10,10,0.1469,0.6932,0.7154,54.39,3.0,3.0,3.0,3.0,57.57,B,能力注,4
20260405_HANSHIN_05,2026-04-05,阪神,5,１勝ｸﾗｽ*,23104387.0,チェリヴェント,吉村誠之,13,13,0.032,0.2598,0.2598,34.22,10.0,9.0,9.0,8.0,9.71,D,様子見,5
20260405_HANSHIN_01,2026-04-05,阪神,1,未勝利・牝,23104397.0,エバイダンス,岩田望来,13,13,0.1285,0.7411,0.7776,59.83,2.0,1.0,1.0,1.0,79.97,A,複勝圏,3
20260405_NAKAYAMA_01,2026-04-05,中山,1,未勝利・牝,23104508.0,ゴールドビリーヴ,田辺裕信,2,2,0.0435,0.2955,0.318,33.74,8.0,8.0,8.0,8.0,15.43,D,様子見,5
20260405_NAKAYAMA_02,2026-04-05,中山,2,未勝利,23104515.0,グランマズドリーム,柴田善臣,11,11,0.1197,0.6044,0.6384,48.75,4.0,4.0,4.0,4.0,40.73,C,様子見,5
20260405_HANSHIN_09,2026-04-05,阪神,9,バイオレ,23104562.0,テーオーグレーザー,高杉吏麒,4,4,0.0874,0.4997,0.5534,42.6,5.0,5.0,6.0,5.0,28.4,D,様子見,5
20260405_HANSHIN_02,2026-04-05,阪神,2,未勝利,23104613.0,キングジェネシス,団野大成,9,9,0.1228,0.601,0.6441,50.01,4.0,5.0,5.0,4.0,40.77,C,様子見,5
20260405_NAKAYAMA_03,2026-04-05,中山,3,未勝利,23104625.0,サフール,小林脩斗,9,9,0.0057,0.0534,0.0607,24.88,12.0,12.0,12.0,13.0,0.74,D,様子見,5
20260405_NAKAYAMA_03,2026-04-05,中山,3,未勝利,23104671.0,ブッチギレ,丹内祐次,2,2,0.0271,0.1379,0.1854,31.44,10.0,10.0,9.0,8.0,7.13,D,様子見,5
20260405_HANSHIN_02,2026-04-05,阪神,2,未勝利,23104674.0,タイセイサーブル,鮫島克駿,13,13,0.1867,0.868,0.8829,72.44,1.0,2.0,2.0,1.0,95.95,S,軸,1
20260405_NAKAYAMA_01,2026-04-05,中山,1,未勝利・牝,23104679.0,タイセイルビー,三浦皇成,8,8,0.1285,0.6659,0.708,53.43,3.0,3.0,3.0,3.0,53.2,C,能力注,4
20260405_NAKAYAMA_02,2026-04-05,中山,2,未勝利,23104708.0,ヘイスティハート,津村明秀,13,13,0.1507,0.6647,0.6991,54.34,3.0,3.0,3.0,3.0,54.35,C,能力注,4
20260405_NAKAYAMA_02,2026-04-05,中山,2,未勝利,23104722.0,キトゥンズシルバー,小林美駒,5,5,0.0687,0.3504,0.4464,38.95,6.0,6.0,5.0,5.0,23.9,D,様子見,5
20260405_NAKAYAMA_06,2026-04-05,中山,6,１勝ｸﾗｽ*,23104757.0,エムノビアンカ,長浜鴻緒,11,11,0.0294,0.2611,0.2611,29.33,12.0,10.0,10.0,11.0,15.34,D,様子見,5
20260405_NAKAYAMA_03,2026-04-05,中山,3,未勝利,23104811.0,ピクシーゲイル,木幡育也,1,1,0.0057,0.0445,0.05,24.52,12.0,13.0,14.0,14.0,0.35,D,様子見,5
20260405_HANSHIN_03,2026-04-05,阪神,3,未勝利,23104826.0,ジュエルサンライズ,斎藤新,11,11,0.0316,0.1592,0.2073,29.19,11.0,12.0,11.0,10.0,10.75,D,様子見,5
20260405_NAKAYAMA_06,2026-04-05,中山,6,１勝ｸﾗｽ*,23104927.0,テンカムテキ,丹内祐次,3,3,0.1244,0.7056,0.74,55.24,3.0,2.0,2.0,2.0,65.15,B,能力注,4
20260405_HANSHIN_01,2026-04-05,阪神,1,未勝利・牝,23104999.0,メイショウマドンナ,幸英明,14,14,0.0515,0.3176,0.3448,34.63,9.0,9.0,9.0,9.0,24.37,D,様子見,5
20260405_HANSHIN_03,2026-04-05,阪神,3,未勝利,23105059.0,グレイトソン,和田陽希,12,12,0.0959,0.4599,0.6206,44.33,6.0,6.0,4.0,4.0,36.99,D,様子見,5
20260405_HANSHIN_09,2026-04-05,阪神,9,バイオレ,23105092.0,マジッククッキー,川田将雅,2,2,0.1534,0.8511,0.8573,68.87,1.0,1.0,1.0,1.0,100.0,S,軸,1
20260405_NAKAYAMA_07,2026-04-05,中山,7,１勝ｸﾗｽ*,23105128.0,ヤマメライズ,佐々木大,6,6,0.0301,0.2148,0.2545,30.25,11.0,11.0,12.0,11.0,14.06,D,様子見,5
20260405_HANSHIN_03,2026-04-05,阪神,3,未勝利,23105174.0,キタノレクレドール,大久保友,3,3,0.0038,0.0369,0.05,22.05,14.0,16.0,15.0,16.0,0.0,D,様子見,5
20260405_HANSHIN_03,2026-04-05,阪神,3,未勝利,23105194.0,リアルフォルツァ,幸英明,14,14,0.0228,0.1869,0.1994,29.09,12.0,11.0,12.0,11.0,9.84,D,様子見,5
20260405_HANSHIN_04,2026-04-05,阪神,4,未勝利,23105234.0,カパルア,太宰啓介,12,12,0.0409,0.254,0.3036,32.7,9.0,9.0,9.0,9.0,16.47,D,様子見,5
20260405_NAKAYAMA_07,2026-04-05,中山,7,１勝ｸﾗｽ*,23105325.0,ラヴノー,津村明秀,9,9,0.0943,0.5974,0.5974,45.22,5.0,5.0,5.0,5.0,49.54,C,様子見,5
20260405_HANSHIN_01,2026-04-05,阪神,1,未勝利・牝,23105358.0,ジーティーアリア,北村友一,3,3,0.073,0.4517,0.4744,39.77,8.0,8.0,8.0,7.0,36.4,D,様子見,5
20260405_HANSHIN_05,2026-04-05,阪神,5,１勝ｸﾗｽ*,23105445.0,ドメイン,松若風馬,6,6,0.0164,0.1522,0.1944,30.17,12.0,12.0,12.0,12.0,2.52,D,様子見,5
20260405_NAKAYAMA_06,2026-04-05,中山,6,１勝ｸﾗｽ*,23105448.0,ライフイズ,石橋脩,5,5,0.0038,0.03,0.05,24.48,16.0,16.0,16.0,16.0,0.0,D,様子見,5
20260405_NAKAYAMA_01,2026-04-05,中山,1,未勝利・牝,23105450.0,プレシャスフェザー,遠藤汰月,16,16,0.0196,0.1384,0.1659,28.96,12.0,14.0,13.0,12.0,4.39,D,様子見,5
20260405_HANSHIN_05,2026-04-05,阪神,5,１勝ｸﾗｽ*,23105468.0,アーサーバローズ,高杉吏麒,11,11,0.0533,0.2716,0.2827,32.77,7.0,8.0,8.0,9.0,14.13,D,様子見,5
20260405_NAKAYAMA_02,2026-04-05,中山,2,未勝利,23105538.0,コブラツイスト,佐々木大,6,6,0.0172,0.1069,0.1276,27.54,12.0,13.0,13.0,13.0,5.04,D,様子見,5
20260405_HANSHIN_04,2026-04-05,阪神,4,未勝利,23105571.0,ドリームプレミア,岩田望来,1,1,0.1231,0.5635,0.5808,44.58,4.0,4.0,4.0,4.0,42.96,C,様子見,5
20260405_HANSHIN_01,2026-04-05,阪神,1,未勝利・牝,23105639.0,アンウェイバリング,和田陽希,7,7,0.0078,0.0686,0.0868,23.97,14.0,15.0,15.0,15.0,0.78,D,様子見,5
20260405_NAKAYAMA_06,2026-04-05,中山,6,１勝ｸﾗｽ*,23105654.0,ジオストラテジー,木幡巧也,8,8,0.0209,0.1605,0.1829,26.88,15.0,14.0,14.0,15.0,9.41,D,様子見,5
20260405_HANSHIN_04,2026-04-05,阪神,4,未勝利,23105743.0,モズノシアワセ,森田誠也,2,2,0.0041,0.0527,0.0614,24.51,15.0,13.0,14.0,15.0,0.81,D,様子見,5
20260405_HANSHIN_05,2026-04-05,阪神,5,１勝ｸﾗｽ*,23105762.0,ケイアイアマゾン,中井裕二,8,8,0.0123,0.121,0.1508,29.07,13.0,13.0,13.0,13.0,0.0,D,様子見,5
20260405_NAKAYAMA_03,2026-04-05,中山,3,未勝利,23105779.0,カシノスパーク,石神深道,8,8,0.0871,0.3863,0.5447,44.23,4.0,4.0,4.0,4.0,25.46,D,様子見,5
20260405_NAKAYAMA_01,2026-04-05,中山,1,未勝利・牝,23105800.0,エフハリスト,横山和生,11,11,0.1228,0.5948,0.6161,47.47,4.0,4.0,4.0,4.0,41.81,C,様子見,5
20260405_HANSHIN_03,2026-04-05,阪神,3,未勝利,23105834.0,ゴーイングムーン,高杉吏麒,15,15,0.0479,0.2626,0.2626,28.78,9.0,9.0,10.0,12.0,17.23,D,様子見,5
20260405_NAKAYAMA_03,2026-04-05,中山,3,未勝利,23106060.0,モロノカガヤキ,津村明秀,4,4,0.2103,0.7494,0.7768,58.56,2.0,2.0,2.0,2.0,66.17,B,複勝圏,3
20260405_HANSHIN_02,2026-04-05,阪神,2,未勝利,23106139.0,レヴロード,和田陽希,12,12,0.0286,0.1272,0.1782,30.99,8.0,10.0,11.0,10.0,7.23,D,様子見,5
20260405_NAKAYAMA_06,2026-04-05,中山,6,１勝ｸﾗｽ*,23106175.0,アレンスター,三浦皇成,2,2,0.157,0.8116,0.8116,61.18,1.0,1.0,1.0,1.0,100.0,S,軸,1
20260405_NAKAYAMA_06,2026-04-05,中山,6,１勝ｸﾗｽ*,23106177.0,エクセルクラウン,横山和生,10,10,0.0217,0.16,0.1754,27.93,14.0,15.0,15.0,14.0,9.39,D,様子見,5
20260405_NAKAYAMA_03,2026-04-05,中山,3,未勝利,23106198.0,パワポケグッド,小林凌大,10,10,0.0057,0.03,0.05,23.73,12.0,15.0,14.0,16.0,0.0,D,様子見,5
20260405_HANSHIN_03,2026-04-05,阪神,3,未勝利,23106237.0,ナムラオーレ,柴田裕一,9,9,0.0038,0.045,0.05,24.62,14.0,14.0,15.0,14.0,0.21,D,様子見,5
20260405_NAKAYAMA_01,2026-04-05,中山,1,未勝利・牝,23106252.0,カフェオリーブ,長浜鴻緒,12,12,0.0089,0.1536,0.1781,25.13,15.0,11.0,12.0,15.0,3.4,D,様子見,5
20260405_NAKAYAMA_07,2026-04-05,中山,7,１勝ｸﾗｽ*,23106256.0,セイウンアインス,武藤雅,13,13,0.0084,0.0691,0.0888,27.04,13.0,14.0,14.0,13.0,0.36,D,様子見,5
20260405_NAKAYAMA_03,2026-04-05,中山,3,未勝利,23106308.0,ダイユウアドバンス,佐藤翔馬,15,15,0.0057,0.0375,0.0528,24.9,12.0,14.0,13.0,12.0,0.23,D,様子見,5
20260405_NAKAYAMA_06,2026-04-05,中山,6,１勝ｸﾗｽ*,23106313.0,ジェイエルモーダル,田辺裕信,16,16,0.0351,0.2654,0.2654,32.7,9.0,9.0,9.0,8.0,16.58,D,様子見,5
20260405_NAKAYAMA_03,2026-04-05,中山,3,未勝利,23106347.0,エルドラド,原田和真,12,12,0.0067,0.102,0.1207,27.07,11.0,11.0,11.0,11.0,3.01,D,様子見,5
20260405_HANSHIN_05,2026-04-05,阪神,5,１勝ｸﾗｽ*,23106403.0,アスクチャンスマン,岩田康誠,2,2,0.1054,0.5686,0.5988,45.47,5.0,5.0,4.0,5.0,38.29,D,様子見,5
20260405_HANSHIN_04,2026-04-05,阪神,4,未勝利,23106440.0,パーヴォ,松山弘平,4,4,0.1566,0.7478,0.771,58.61,3.0,3.0,3.0,3.0,63.45,B,能力注,4
20260405_NAKAYAMA_05,2026-04-05,中山,5,未勝利,23106443.0,コスモナエマ,津村明秀,11,11,0.1074,0.5615,0.615,47.32,4.0,4.0,4.0,4.0,39.61,D,様子見,5
20260405_NAKAYAMA_03,2026-04-05,中山,3,未勝利,23106452.0,コスモラムバック,武藤雅,11,11,0.1501,0.5631,0.6168,47.87,3.0,3.0,3.0,3.0,44.37,C,能力注,4
20260405_NAKAYAMA_07,2026-04-05,中山,7,１勝ｸﾗｽ*,23106477.0,ベレーバスク,丹内祐次,1,1,0.1156,0.6678,0.6894,51.98,3.0,2.0,3.0,3.0,69.34,B,能力注,4
20260405_NAKAYAMA_07,2026-04-05,中山,7,１勝ｸﾗｽ*,23106484.0,フェーダーローター,石神深道,12,12,0.0275,0.2399,0.262,30.04,12.0,10.0,10.0,12.0,14.54,D,様子見,5
20260405_NAKAYAMA_05,2026-04-05,中山,5,未勝利,23106531.0,ゴーントゥファー,横山琉人,2,2,0.0195,0.1058,0.1058,24.36,13.0,13.0,14.0,15.0,5.28,D,様子見,5
20260405_NAKAYAMA_01,2026-04-05,中山,1,未勝利・牝,23106602.0,スターキャンディ,小林脩斗,10,10,0.0251,0.1482,0.1998,29.15,11.0,12.0,11.0,11.0,6.19,D,様子見,5
20260405_HANSHIN_09,2026-04-05,阪神,9,バイオレ,23106619.0,レッドスティンガー,ルメール,5,5,0.0791,0.491,0.561,44.48,6.0,6.0,4.0,4.0,26.31,D,様子見,5
20260405_NAKAYAMA_05,2026-04-05,中山,5,未勝利,23106627.0,ファインブライト,杉原誠人,1,1,0.0226,0.1663,0.1663,29.05,10.0,10.0,10.0,11.0,8.42,D,様子見,5
20260405_HANSHIN_02,2026-04-05,阪神,2,未勝利,23106643.0,グンバイ,田山旺佑,5,5,0.0889,0.3416,0.3427,34.82,6.0,8.0,8.0,8.0,24.36,D,様子見,5
20260405_NAKAYAMA_03,2026-04-05,中山,3,未勝利,23106687.0,ヒャクレツケン,菊沢一樹,6,6,0.032,0.16,0.211,31.38,8.0,9.0,8.0,9.0,8.6,D,様子見,5
20260405_NAKAYAMA_05,2026-04-05,中山,5,未勝利,23106803.0,ショウナンサイオウ,三浦皇成,16,16,0.169,0.8104,0.8291,63.75,2.0,2.0,2.0,2.0,74.27,A,複勝圏,3
20260405_HANSHIN_02,2026-04-05,阪神,2,未勝利,23106804.0,アウトリュコス,北村友一,7,7,0.0043,0.97,0.98,37.11,13.0,1.0,1.0,7.0,44.5,C,複勝圏,3
20260405_NAKAYAMA_06,2026-04-05,中山,6,１勝ｸﾗｽ*,23106857.0,クイーンズドリーム,小崎綾也,15,15,0.0224,0.1673,0.1906,29.97,13.0,12.0,13.0,10.0,10.02,D,様子見,5
20260405_HANSHIN_01,2026-04-05,阪神,1,未勝利・牝,23106926.0,ガルディエンヌ,松山弘平,11,11,0.1158,0.6495,0.679,52.33,4.0,4.0,4.0,4.0,56.97,B,様子見,5
20260405_HANSHIN_09,2026-04-05,阪神,9,バイオレ,23106940.0,エブリーポッシブル,岩田望来,7,7,0.0753,0.4201,0.435,38.57,8.0,8.0,9.0,9.0,19.44,D,様子見,5
20260405_HANSHIN_04,2026-04-05,阪神,4,未勝利,23106942.0,オドワローズ,西村淳也,14,14,0.0148,0.1283,0.1849,28.35,11.0,10.0,11.0,11.0,6.78,D,様子見,5
20260405_HANSHIN_01,2026-04-05,阪神,1,未勝利・牝,23107040.0,ダノンロワール,吉村誠之,4,4,0.0178,0.1366,0.1366,26.8,12.0,12.0,12.0,13.0,6.34,D,様子見,5
20260405_HANSHIN_05,2026-04-05,阪神,5,１勝ｸﾗｽ*,23107043.0,シルバーレシオ,岩田望来,12,12,0.178,0.8631,0.8735,70.59,1.0,1.0,1.0,1.0,100.0,S,軸,1
20260405_HANSHIN_04,2026-04-05,阪神,4,未勝利,23107226.0,カモンメーン,坂井瑠星,11,11,0.1652,0.818,0.847,65.99,2.0,2.0,2.0,2.0,76.33,A,複勝圏,3
20260405_HANSHIN_05,2026-04-05,阪神,5,１勝ｸﾗｽ*,23107229.0,スカイストライプス,ルメール,10,10,0.1614,0.8024,0.8122,63.57,2.0,2.0,2.0,2.0,74.12,A,複勝圏,3
20260405_NAKAYAMA_07,2026-04-05,中山,7,１勝ｸﾗｽ*,23107231.0,ニルマーネル,吉田豊,4,4,0.1331,0.6474,0.7277,57.83,1.0,3.0,1.0,1.0,94.17,S,軸,1
20260405_NAKAYAMA_05,2026-04-05,中山,5,未勝利,23107254.0,マーゴットドライ,木幡巧也,15,15,0.074,0.4127,0.4324,39.53,6.0,5.0,6.0,6.0,27.41,D,様子見,5
20260405_HANSHIN_04,2026-04-05,阪神,4,未勝利,23107272.0,サトノトリニティ,高杉吏麒,3,3,0.0927,0.4533,0.5066,40.88,5.0,5.0,5.0,6.0,33.79,D,様子見,5
20260405_NAKAYAMA_07,2026-04-05,中山,7,１勝ｸﾗｽ*,23107279.0,ガラベイヤ,丸山元気,11,11,0.0927,0.5122,0.5683,44.72,6.0,6.0,6.0,6.0,45.57,C,様子見,5
20260405_NAKAYAMA_06,2026-04-05,中山,6,１勝ｸﾗｽ*,23107295.0,リヒトミューレ,小沢大仁,7,7,0.0904,0.5272,0.5622,42.24,6.0,5.0,5.0,5.0,39.9,D,様子見,5
20260405_HANSHIN_05,2026-04-05,阪神,5,１勝ｸﾗｽ*,23107371.0,クイノールト,鮫島克駿,1,1,0.0329,0.1806,0.2177,30.76,9.0,11.0,11.0,11.0,6.63,D,様子見,5
20260405_NAKAYAMA_01,2026-04-05,中山,1,未勝利・牝,23107408.0,ミアルーチェ,横山武史,6,6,0.0937,0.4793,0.5437,43.01,5.0,5.0,5.0,5.0,32.69,D,様子見,5
20260405_NAKAYAMA_01,2026-04-05,中山,1,未勝利・牝,23107422.0,ゼフィリア,木幡巧也,13,13,0.0267,0.2178,0.2565,31.61,9.0,9.0,9.0,9.0,9.46,D,様子見,5
20260405_NAKAYAMA_02,2026-04-05,中山,2,未勝利,23107532.0,ミスタートントン,三浦皇成,15,15,0.165,0.7657,0.7917,59.74,2.0,2.0,2.0,2.0,68.75,B,複勝圏,3
20260405_NAKAYAMA_02,2026-04-05,中山,2,未勝利,23107537.0,グリュック,石神深道,2,2,0.0059,0.1056,0.1056,25.92,14.0,14.0,14.0,14.0,3.07,D,様子見,5
20260405_NAKAYAMA_03,2026-04-05,中山,3,未勝利,23110018.0,ラッキーストーン,荻野極,13,13,0.0848,0.32,0.375,36.59,5.0,5.0,5.0,5.0,20.8,D,様子見,5
20260405_HANSHIN_02,2026-04-05,阪神,2,未勝利,23110031.0,マイカラー,岩田康誠,1,1,0.1503,0.7247,0.7692,57.76,3.0,4.0,4.0,3.0,53.03,C,能力注,4
20260405_HANSHIN_09,2026-04-05,阪神,9,バイオレ,23110090.0,エコロレーヴ,団野大成,6,6,0.0973,0.5923,0.6235,48.57,3.0,3.0,3.0,3.0,42.74,C,能力注,4
